userID,userName,occupation
0,Mrs. Candace Bradford,student
1,Stephen Santos,educator
2,Joshua Boyd,professor
3,Amy Evans,scientist
4,Pamela Phillips,doctor
5,Richard Burns,engineer
6,Jennifer Atkins,architecturer
7,William Fernandez,musician
8,Mark Lara,dancer
9,Seth Salazar,sportsperson
10,Charles Rasmussen,student
11,Michael Jones,educator
12,Valerie Evans,professor
13,Brandon Sawyer,scientist
14,Cheryl Ramirez,doctor
15,Benjamin Munoz,engineer
16,Ms. Donna Kirby,architecturer
17,Sarah Gutierrez,musician
18,Veronica Sullivan,dancer
19,Jeffrey Hogan,sportsperson
20,Mark Hernandez,student
21,Amy Harris,educator
22,Jenna Spencer,professor
23,Carrie Graham,scientist
24,Dr. Ryan Gordon,doctor
25,Catherine Banks,engineer
26,Allen Perez,architecturer
27,Nichole Jones,musician
28,Jason Huber,dancer
29,Samantha Mcdaniel,sportsperson
30,Brandon Kramer,student
31,Hannah Nguyen,educator
32,William Boone,professor
33,Beth Schneider,scientist
34,Kristen Marshall,doctor
35,Brian Cook,engineer
36,Kenneth Davidson,architecturer
37,Maria Bush,musician
38,Nancy Miller,dancer
39,Melissa Andrade,sportsperson
40,Barry Lamb,student
41,Christina Lopez,educator
42,Rebecca Lawson,professor
43,Benjamin Patton,scientist
44,John Harmon,doctor
45,Bridget Hansen,engineer
46,Kaylee Hall,architecturer
47,Mark Ellis,musician
48,David Ortiz,dancer
49,David Contreras,sportsperson
50,Ashley Johnson,student
51,Christopher Watson,educator
52,Sheila Fitzpatrick,professor
53,Susan Holloway,scientist
54,Brian Flores MD,doctor
55,Zachary Little,engineer
56,Charles Levine,architecturer
57,Benjamin Morgan,musician
58,Megan Bennett,dancer
59,Kevin Lara,sportsperson
60,Kayla Evans,student
61,Joseph Lopez,educator
62,James Stokes,professor
63,Erik Garza DDS,scientist
64,Karen Clark,doctor
65,Kathryn Preston,engineer
66,Benjamin Lindsey,architecturer
67,Marisa Douglas,musician
68,Paul Brown,dancer
69,Brandi Pierce,sportsperson
70,Gerald Schmitt,student
71,Gary Rich,educator
72,Ashley Bell,professor
73,Michael Hanna,scientist
74,Michael Barnett,doctor
75,Michael Patterson,engineer
76,Patrick Vaughan,architecturer
77,Tara Torres,musician
78,Melissa Alexander,dancer
79,Matthew Moore,sportsperson
80,Dr. Joanne Hernandez DDS,student
81,Michael Schmidt,educator
82,Darrell Lutz,professor
83,Pamela Moran,scientist
84,Caleb Salazar,doctor
85,Andrew Moody,engineer
86,Stephen Medina,architecturer
87,Andrea Sexton,musician
88,Richard Armstrong,dancer
89,Miranda Vasquez,sportsperson
90,Wesley Wolfe,student
91,Jillian Anderson,educator
92,Tyler Benton,professor
93,Diane Spears,scientist
94,Kenneth Aguilar,doctor
95,Jason Tran,engineer
96,Molly Herman DDS,architecturer
97,Virginia Gregory,musician
98,Pamela Foley,dancer
99,Mr. Christopher Oconnor,sportsperson
100,Terry Martin,student
101,Sharon Willis,educator
102,Joanna Walker,professor
103,Matthew Richardson,scientist
104,Stephen Osborn,doctor
105,Anne Liu,engineer
106,Barbara Anthony,architecturer
107,Michele Howard,musician
108,Jonathan Gates,dancer
109,Brenda Norton,sportsperson
110,Jon Callahan MD,student
111,Scott Johnson,educator
112,Natalie Harrison,professor
113,Elizabeth Rivas,scientist
114,Anne Cruz,doctor
115,Jennifer Hall,engineer
116,Mrs. Tammy Campbell,architecturer
117,Julia Martinez,musician
118,Elizabeth Mitchell,dancer
119,Darlene Day,sportsperson
120,Howard Morgan,student
121,Sheila Moore,educator
122,Jessica Mercado MD,professor
123,Barry Marsh,scientist
124,Michelle Sanders,doctor
125,Michael Washington,engineer
126,Misty Kennedy,architecturer
127,Larry Monroe,musician
128,Jacob Drake,dancer
129,Kevin Woodard,sportsperson
130,Julie Young,student
131,Ashley Thompson,educator
132,Megan Miles,professor
133,Derek Baker,scientist
134,Jason Gilbert,doctor
135,Stephanie Morales,engineer
136,Michael Thompson,architecturer
137,Albert Wallace,musician
138,Jim Simmons,dancer
139,Cameron Hudson,sportsperson
140,Carolyn Murphy,student
141,Franklin Hughes,educator
142,Brandon Lee,professor
143,Kelly Boyd,scientist
144,Timothy Carpenter,doctor
145,Erik Bailey,engineer
146,Jennifer Hunt,architecturer
147,Evan Hodge,musician
148,Keith Sloan,dancer
149,Jeffery Fox,sportsperson
150,Matthew Cruz,student
151,Nicholas Harrison,educator
152,Valerie Vincent,professor
153,Melissa Baird,scientist
154,Stephanie Meyer,doctor
155,Lisa Murphy,engineer
156,Mrs. Emily Lewis,architecturer
157,Curtis Green,musician
158,Kelsey Tran,dancer
159,Jacob Gutierrez,sportsperson
160,Alicia Allen,student
161,Kevin Rodriguez,educator
162,Shannon Moore,professor
163,Mr. Robert Phillips,scientist
164,Michael Barton,doctor
165,Gina Richardson,engineer
166,Ryan Garcia,architecturer
167,Breanna Delgado,musician
168,Kelsey Wilkinson,dancer
169,Miss Kari Smith,sportsperson
170,Colton Wilson,student
171,Linda Keller,educator
172,Ruben Tucker,professor
173,Danielle Castillo,scientist
174,Billy Morales,doctor
175,Rachel Anderson,engineer
176,Patricia Moore,architecturer
177,James Lawson,musician
178,Mark Hull,dancer
179,Amber Young,sportsperson
180,Allen Flores,student
181,Kevin Mathis,educator
182,Kelly Murray,professor
183,Stephanie Frazier,scientist
184,Alexis Hanna,doctor
185,Brenda Chen,engineer
186,Alyssa Flores DDS,architecturer
187,Sara Fitzgerald,musician
188,Jessica Parker,dancer
189,Anna Grant,sportsperson
190,Joy Hodges,student
191,Michael Casey,educator
192,Denise Watts,professor
193,Adrian Lane,scientist
194,Laura Buckley,doctor
195,Travis Smith,engineer
196,Veronica Gallagher,architecturer
197,Joanna Woods,musician
198,Alicia Peterson,dancer
199,Cody Austin,sportsperson
200,Jesse Lee,student
201,Paula Williams,educator
202,Patricia Neal,professor
203,Vernon Watson,scientist
204,Cheryl Jones,doctor
205,Matthew Allen,engineer
206,Bailey Austin,architecturer
207,Brittany Hall,musician
208,Samantha Mccann,dancer
209,Heather Lane,sportsperson
210,Amy Allen,student
211,Jeffrey Schultz,educator
212,Elizabeth Velez,professor
213,Kenneth Luna,scientist
214,Dana Hernandez,doctor
215,Melanie Davis,engineer
216,Chad Serrano,architecturer
217,Mr. Joseph Hinton,musician
218,James Bass,dancer
219,John King,sportsperson
220,Andrew Blanchard,student
221,Jennifer Martinez,educator
222,Kimberly Lucas,professor
223,Rebecca Henson,scientist
224,Shannon Wilson,doctor
225,Beverly Porter,engineer
226,Megan Russell,architecturer
227,Nicholas Andrews,musician
228,Matthew Perez,dancer
229,Cassie Miller,sportsperson
230,Chris Nelson,student
231,Tracy Bass,educator
232,Stephen Ryan,professor
233,Brittany Myers,scientist
234,Donald Smith,doctor
235,Cory Wheeler,engineer
236,Jacob Schmidt,architecturer
237,Patricia Patton,musician
238,Jeremiah Lambert,dancer
239,Amanda Ramirez,sportsperson
240,Shannon Williams,student
241,Joel Boyle,educator
242,Taylor Wilkins,professor
243,Robert Buckley,scientist
244,Brian Harrison,doctor
245,Laura Prince,engineer
246,Gloria Burns,architecturer
247,Leslie Christensen,musician
248,Nathan Werner,dancer
249,Nichole Brooks,sportsperson
250,Marco Bennett,student
251,Bryan Larson,educator
252,Mark Ferguson,professor
253,Kelly Brown,scientist
254,Victoria Hall,doctor
255,Karen Lewis,engineer
256,Michael Jennings,architecturer
257,Rhonda Smith,musician
258,Steven Calderon,dancer
259,Laura Hart,sportsperson
260,Mary Pierce,student
261,Michelle Sherman,educator
262,Jonathan Andersen,professor
263,Chloe Rodriguez,scientist
264,Hannah Bishop,doctor
265,Shannon Hartman,engineer
266,Jonathon Mathews,architecturer
267,Jennifer Meyers,musician
268,Christopher Rosario,dancer
269,Matthew Harper,sportsperson
270,Erin Brown,student
271,Lindsay Smith,educator
272,Matthew Vega,professor
273,Tyler Green,scientist
274,Andrea Smith,doctor
275,Gabrielle Booth,engineer
276,Brandy Ballard,architecturer
277,Curtis Schneider,musician
278,Matthew Hill,dancer
279,Michael Wang,sportsperson
280,Larry Warren,student
281,James Evans,educator
282,Cody Boyd,professor
283,Keith Frye,scientist
284,Meredith Bowers,doctor
285,Laura Garza,engineer
286,Erika Mccormick,architecturer
287,Jeffrey Davis,musician
288,Susan Foster,dancer
289,Samuel Vasquez,sportsperson
290,Gregory Jones,student
291,Gabrielle Mccormick,educator
292,Heather Strong,professor
293,Brianna Cooper,scientist
294,Jose Myers,doctor
295,Darren Walker,engineer
296,Anthony Kirby,architecturer
297,Kristen Harrison,musician
298,Anthony Reilly,dancer
299,Andrew Goodwin,sportsperson
300,Thomas Smith,student
301,Amy Haynes,educator
302,Jeffrey Martin,professor
303,Isaiah Hawkins,scientist
304,Sierra Richards,doctor
305,Sean King,engineer
306,Mark Duran,architecturer
307,Kelsey Rangel,musician
308,Thomas White,dancer
309,Deborah Petersen,sportsperson
310,Alexis Hernandez,student
311,Crystal Thomas,educator
312,Crystal Boone,professor
313,Marie Lee,scientist
314,Brittany Daniel,doctor
315,Kimberly Young,engineer
316,Lori Harris,architecturer
317,Collin Sanders,musician
318,Christopher Hernandez,dancer
319,Frank Stanley,sportsperson
320,Amber Hudson,student
321,Brandon Huynh,educator
322,Matthew Bryant,professor
323,Nicole Sosa DDS,scientist
324,Stephanie Matthews,doctor
325,Wendy Harris,engineer
326,John Davis,architecturer
327,Andrew Thomas,musician
328,Levi Palmer,dancer
329,Teresa Briggs,sportsperson
330,Kelly Kane,student
331,Kelly Mccoy,educator
332,Amanda Charles,professor
333,Gregory Brown,scientist
334,Jeffrey Fisher,doctor
335,Karen Cantrell,engineer
336,Mark Jefferson,architecturer
337,Gina Luna,musician
338,Bryan Massey,dancer
339,Brenda Peterson,sportsperson
340,Kayla Cameron,student
341,Mason Johnson,educator
342,Samantha Kim,professor
343,Jamie Rowe,scientist
344,Sheila Garrison,doctor
345,Katherine Owens,engineer
346,Yolanda Mosley,architecturer
347,Chad Schmitt,musician
348,Jade Herman,dancer
349,Patricia Bautista,sportsperson
350,Christine Wise,student
351,Denise Vargas,educator
352,James Diaz,professor
353,Jim Harvey,scientist
354,Kevin Jenkins,doctor
355,Andrea Miller,engineer
356,James Gilmore,architecturer
357,Rachel Dunn,musician
358,Richard Walton,dancer
359,Brenda Gilbert,sportsperson
360,Priscilla Morgan,student
361,Ross Huff,educator
362,Mary Foley,professor
363,Katherine Hamilton,scientist
364,Thomas Harris,doctor
365,Amanda Garcia,engineer
366,Emma Harris,architecturer
367,Marcia Johnson,musician
368,Timothy Mendoza,dancer
369,Jerry Miller,sportsperson
370,Patricia Stephens,student
371,Jason Petty,educator
372,Robert Rodriguez,professor
373,Patricia Dawson,scientist
374,Christina Trujillo,doctor
375,Melissa Alvarez,engineer
376,Jennifer White,architecturer
377,Gregory Davis,musician
378,Krista Knight,dancer
379,Brenda Bennett,sportsperson
380,Deborah Snyder,student
381,Stacy Alexander,educator
382,David Cameron,professor
383,Jacob Wood,scientist
384,Karen Lindsey,doctor
385,Michelle Williams,engineer
386,Laura Acevedo,architecturer
387,Melissa Walker,musician
388,John Flores,dancer
389,Jacob Bender,sportsperson
390,Melanie Gallegos,student
391,Erin Walls,educator
392,Jessica Wright,professor
393,Joseph Castillo,scientist
394,Bridget Brewer,doctor
395,Marc Nielsen,engineer
396,Monica Garcia,architecturer
397,Tonya Newman,musician
398,Tim Brown,dancer
399,Robert Beck,sportsperson
400,Joshua Hunt,student
401,Thomas Brown Jr.,educator
402,Casey Dixon,professor
403,David Brock,scientist
404,Austin Owens,doctor
405,Paul Francis,engineer
406,Joseph Yang,architecturer
407,Ruben Foster,musician
408,Alyssa Booth,dancer
409,Reginald Hall,sportsperson
410,Sarah Ruiz,student
411,Lisa Phillips,educator
412,Desiree Smith,professor
413,James Gregory,scientist
414,Michael Perez,doctor
415,George Martinez,engineer
416,Robin Wyatt,architecturer
417,Ashley Travis,musician
418,Kelly Chapman,dancer
419,Jacob Williams,sportsperson
420,Richard Mcdonald,student
421,Taylor Lin,educator
422,Lawrence Pittman,professor
423,Jamie Kim,scientist
424,Albert Davidson,doctor
425,Mary Dixon,engineer
426,Alexis Garcia,architecturer
427,Traci Huffman,musician
428,Frederick Olson,dancer
429,Glenda Washington,sportsperson
430,Jill Walker,student
431,Brandon Conway,educator
432,Michelle Le,professor
433,Daniel Parks,scientist
434,Christopher Meyer,doctor
435,Dr. Jared White MD,engineer
436,Jean Wood,architecturer
437,Taylor Flores,musician
438,Lori Griffin,dancer
439,Isaiah Watts,sportsperson
440,Mr. Brandon Ross Jr.,student
441,Susan Mcgee MD,educator
442,Martin Woods,professor
443,Steven Cain,scientist
444,Robert Lewis,doctor
445,Dennis Perez,engineer
446,Steven Lopez,architecturer
447,Douglas Wong,musician
448,Melinda Johnson,dancer
449,Stephanie Roberts,sportsperson
450,Christopher Walker,student
451,Andrea Gray,educator
452,Molly Dalton,professor
453,Shane Haynes,scientist
454,Cody Mcintyre,doctor
455,Stacy Mcdowell,engineer
456,Joseph Little,architecturer
457,Alicia Byrd,musician
458,Jennifer Christian,dancer
459,Shannon Kim,sportsperson
460,Jennifer Hernandez,student
461,Julia Ward,educator
462,Victoria Clark MD,professor
463,Vanessa Johnson,scientist
464,Robert Clark,doctor
465,Ryan Sanders,engineer
466,Gary Cole,architecturer
467,Donna Rodriguez,musician
468,Frank Morris,dancer
469,Shaun Nelson,sportsperson
470,Richard Lopez,student
471,Monica Haas,educator
472,Kelly Adams,professor
473,Mr. Robert Flynn MD,scientist
474,Teresa Simpson,doctor
475,William Parks,engineer
476,Michelle Koch,architecturer
477,Amy Salinas,musician
478,Christine Wolfe,dancer
479,Warren Davis,sportsperson
480,David Fleming,student
481,Julie Goodman,educator
482,Wayne Matthews,professor
483,Diamond Brown,scientist
484,Jon Haynes,doctor
485,Joshua Allen,engineer
486,John Alvarez,architecturer
487,Erin Anderson,musician
488,Tiffany Kelly,dancer
489,Donald Cunningham,sportsperson
490,Lisa Villarreal,student
491,Jessica Diaz,educator
492,Heidi Miller,professor
493,Jason Beltran,scientist
494,Gary Meyer,doctor
495,Emily Pratt,engineer
496,Mark Curtis,architecturer
497,Rhonda Kim,musician
498,Joseph Kennedy,dancer
499,Debra Martinez,sportsperson
500,Jessica Dudley,student
501,Julie Taylor,educator
502,Taylor Morse,professor
503,Sheryl Garza,scientist
504,Megan Reynolds,doctor
505,Justin Scott,engineer
506,Benjamin Reyes,architecturer
507,Timothy Webb,musician
508,Amy Reynolds,dancer
509,Yolanda Khan,sportsperson
510,Garrett Yang,student
511,Taylor Smith,educator
512,Kelly Barton,professor
513,David Gonzalez,scientist
514,Renee Escobar,doctor
515,Natasha Erickson,engineer
516,Yvonne Hansen,architecturer
517,Teresa Skinner,musician
518,Angela Christensen,dancer
519,Diane Myers,sportsperson
520,Julie Alexander,student
521,Anthony Garcia,educator
522,Rhonda Smith,professor
523,Jennifer Acevedo,scientist
524,Joseph Webb DDS,doctor
525,Samantha Brown,engineer
526,Melissa Hernandez MD,architecturer
527,Stephen Russell,musician
528,Blake Velazquez,dancer
529,Kevin Rodriguez,sportsperson
530,Dr. Alicia Wood,student
531,James Miller MD,educator
532,Victoria Nicholson,professor
533,Connor Coleman,scientist
534,Sarah Costa,doctor
535,Kelly Clark,engineer
536,Mary Johnson,architecturer
537,Ashley Warren,musician
538,Timothy Lewis,dancer
539,Jason Fitzgerald,sportsperson
540,Sylvia Jones,student
541,Nicholas Roberts,educator
542,Andrea Orozco,professor
543,Vanessa Patel,scientist
544,Taylor Torres,doctor
545,Sara Joseph,engineer
546,Amanda Long,architecturer
547,Patrick Wyatt,musician
548,Terry Nguyen,dancer
549,Samantha Morse,sportsperson
550,Tara Hammond,student
551,John Horne,educator
552,Ian Perez,professor
553,Susan Lewis,scientist
554,Kayla Torres,doctor
555,Jessica Higgins,engineer
556,Michael Francis,architecturer
557,Carrie Jones,musician
558,Natasha Black,dancer
559,Kimberly Garner,sportsperson
560,Gordon Friedman,student
561,Roy Hoover,educator
562,Carmen Smith,professor
563,Kayla Tapia,scientist
564,Dr. Chelsea Franklin,doctor
565,Matthew Spencer,engineer
566,Alec Newman,architecturer
567,Teresa Randall,musician
568,Antonio Michael,dancer
569,Mr. Christopher Boone,sportsperson
570,Rita Anderson,student
571,Jeremy Gallagher DDS,educator
572,Christopher Fischer,professor
573,Tracey Taylor,scientist
574,Victor Edwards,doctor
575,Jennifer Roberts,engineer
576,Anthony Valdez,architecturer
577,Benjamin Reid,musician
578,Keith Robles,dancer
579,Michael Evans,sportsperson
580,Steven Osborn,student
581,Scott West,educator
582,Taylor Case,professor
583,Christopher Edwards,scientist
584,Tracy Stein,doctor
585,Diane Little,engineer
586,Erica Clayton,architecturer
587,Morgan Lee,musician
588,James Silva,dancer
589,Mrs. Sandy Goodwin,sportsperson
590,Sharon Davidson,student
591,Michael Martinez,educator
592,Jennifer Wyatt,professor
593,Edward Williams,scientist
594,Richard Stevens,doctor
595,Angela Salinas,engineer
596,Kayla Barker,architecturer
597,James Perez,musician
598,Charles Wallace,dancer
599,Michelle Anderson,sportsperson
600,Susan Collins,student
601,Joshua Terrell,educator
602,Dr. Stephanie Scott MD,professor
603,Robert Hansen,scientist
604,Aaron Ford,doctor
605,Mike Salazar,engineer
606,William Andrews,architecturer
607,Melissa Mcdonald,musician
608,Wanda Townsend,dancer
609,Jeffrey Livingston,sportsperson
610,Jimmy Owens,student
611,Matthew Scott,educator
612,Jennifer Dominguez,professor
613,Heather Rivera,scientist
614,Adam Reese,doctor
615,Larry Taylor,engineer
616,Amy Bauer,architecturer
617,Shawn Romero,musician
618,Kelly Price,dancer
619,Donald Perez,sportsperson
620,Ethan Anderson,student
621,Martin Tucker,educator
622,Kimberly Hogan,professor
623,Diane Miller,scientist
624,Tricia Frank,doctor
625,Jacqueline Eaton,engineer
626,Robin Rodriguez,architecturer
627,Rachel Kerr,musician
628,Mrs. Whitney Bolton MD,dancer
629,Michael Ball,sportsperson
630,Kyle Walsh,student
631,Patricia Acosta,educator
632,Edward Hernandez,professor
633,Mitchell May,scientist
634,Jacqueline Fitzgerald,doctor
635,Ethan Clark,engineer
636,Mark Sullivan,architecturer
637,Timothy Perry,musician
638,Michael Glenn,dancer
639,James Stokes,sportsperson
640,Daniel Griffin,student
641,Nathan Frederick,educator
642,Jennifer Rios,professor
643,Sarah Meza,scientist
644,David Johnson,doctor
645,Gabriella Silva,engineer
646,Kevin Hayden,architecturer
647,William Vincent,musician
648,Amanda Washington,dancer
649,Alexa West,sportsperson
650,Jake Lee,student
651,Paul Jensen,educator
652,Nicole Barber,professor
653,Dawn Adams,scientist
654,David Reynolds,doctor
655,Katherine Bell,engineer
656,Carolyn Davis,architecturer
657,Stephen Young,musician
658,Joanna Taylor,dancer
659,Chad Singleton,sportsperson
660,Andrew Flores,student
661,Kelly Morton,educator
662,Tyler Gilbert,professor
663,Michelle Obrien,scientist
664,Shelby Johnson,doctor
665,Nathan Wilson,engineer
666,Scott Shepherd,architecturer
667,Janet Pena,musician
668,Robert Gallagher,dancer
669,Laurie Jones,sportsperson
670,Deborah Harrington,student
671,Sara Shaffer,educator
672,Clifford Ramos,professor
673,Amy Leach,scientist
674,Megan Stevens,doctor
675,Mallory Johnson,engineer
676,Stephanie Delacruz,architecturer
677,David Murray,musician
678,Kathy Vega,dancer
679,Rebekah Clark,sportsperson
680,Daniel Walker,student
681,Gina Black,educator
682,Bryan Franco,professor
683,Kevin Cox,scientist
684,Charles Martin,doctor
685,Christina Kerr,engineer
686,Nicholas Howard,architecturer
687,Eddie Todd,musician
688,Andrew Rogers,dancer
689,Sarah Reilly,sportsperson
690,Maureen Williamson,student
691,William Green,educator
692,Frank Calderon,professor
693,Kayla Woods,scientist
694,Michelle Warner,doctor
695,Thomas Reynolds,engineer
696,Robert Fisher,architecturer
697,Anthony Bryant,musician
698,Robert Nelson,dancer
699,James Hodges,sportsperson
700,Kristin Wiley,student
701,Erik Wiggins,educator
702,Patricia Curry,professor
703,Bryan Barber,scientist
704,Jacob Ashley,doctor
705,Howard Mills,engineer
706,Mary Clark,architecturer
707,Emily Roberts,musician
708,Jessica Ramos,dancer
709,Andrew Franklin,sportsperson
710,Jane Mitchell,student
711,James Walker,educator
712,Laura Schmidt,professor
713,Taylor Howard,scientist
714,John Mitchell,doctor
715,Shirley Nelson,engineer
716,Matthew Lee,architecturer
717,Mr. Timothy Young MD,musician
718,Lori Mccarthy,dancer
719,Kelli Wilson,sportsperson
720,Juan Brooks II,student
721,Dean Yu,educator
722,Mary Myers,professor
723,Elizabeth Clark,scientist
724,Marvin Griffith,doctor
725,Daniel Benjamin,engineer
726,Emily Robinson,architecturer
727,Jessica Mcmillan,musician
728,Kimberly Booker,dancer
729,Sarah Clark,sportsperson
730,Emily Zimmerman,student
731,Joshua Roberts,educator
732,Pamela Chambers,professor
733,Debra Lopez,scientist
734,Michelle Kennedy,doctor
735,Vanessa Miles,engineer
736,Cheryl Wilson,architecturer
737,Eugene Buckley,musician
738,Amanda Dunn,dancer
739,Jonathan Francis,sportsperson
740,Catherine Jordan,student
741,Natalie Collins,educator
742,Ryan White,professor
743,Lori Rodriguez,scientist
744,Ann Perez,doctor
745,Kelly Clay,engineer
746,Kenneth Webster,architecturer
747,Teresa Brennan,musician
748,Phillip Campbell,dancer
749,Alexander Bradley,sportsperson
750,Judith May,student
751,Janice Frazier,educator
752,Ashley Moreno,professor
753,Edward Elliott,scientist
754,John Livingston,doctor
755,Patrick Davis,engineer
756,Todd Cummings,architecturer
757,William Kerr,musician
758,Marcus Sandoval,dancer
759,Carla Baker,sportsperson
760,David Sullivan,student
761,Jimmy Keller,educator
762,Kim Clarke,professor
763,Anthony Walker,scientist
764,Brittney Barnett,doctor
765,Timothy Brown,engineer
766,Timothy Thornton,architecturer
767,Kara Steele,musician
768,Cheryl Thompson,dancer
769,Amanda Burton,sportsperson
770,Christina Johns,student
771,Alexandra Sims,educator
772,David Vasquez,professor
773,Allen Wagner,scientist
774,Donald Holmes,doctor
775,Dennis Bryant,engineer
776,Tammy Thompson,architecturer
777,Jessica Hunter,musician
778,Matthew Watkins,dancer
779,Stephanie Jones,sportsperson
780,Adam Oliver,student
781,Tracy Taylor,educator
782,Danielle Oconnor,professor
783,Alan Mccullough,scientist
784,Ashley Lambert,doctor
785,Blake Carpenter,engineer
786,Brandon Barnes,architecturer
787,Shawn Johnson,musician
788,Michael Torres,dancer
789,Michael Villegas,sportsperson
790,Timothy Gregory,student
791,Tabitha Torres,educator
792,Debra Martin,professor
793,Shelby Knight,scientist
794,Jeremy Acosta,doctor
795,Robert Hunter II,engineer
796,William Lopez,architecturer
797,Paul Gray,musician
798,Robert Nelson,dancer
799,Matthew Smith,sportsperson
800,Jason Johnson,student
801,Destiny Adams,educator
802,Lucas Johnson,professor
803,James Bennett,scientist
804,Andrea Lane,doctor
805,Mrs. Jessica Herman DDS,engineer
806,Paula Lawson,architecturer
807,Gina Stewart,musician
808,Lauren Ryan DVM,dancer
809,Laurie Tran,sportsperson
810,Jason Sanchez,student
811,Eric Miller,educator
812,Barbara Ali,professor
813,Anna Burnett,scientist
814,Nathaniel Parker,doctor
815,Jennifer Cole,engineer
816,Paul Wright,architecturer
817,Natalie Wilkins,musician
818,John Young,dancer
819,Tiffany Wells,sportsperson
820,Suzanne Morrow,student
821,Kimberly Miles,educator
822,Lindsey Martinez,professor
823,Kathryn Patrick,scientist
824,Keith Riddle,doctor
825,Jenna Alexander,engineer
826,Taylor Simpson,architecturer
827,Dakota Rivera,musician
828,Eric Fletcher,dancer
829,Allison Braun,sportsperson
830,Andrew Jones,student
831,Julie Lee,educator
832,Helen Burke,professor
833,Taylor Kennedy,scientist
834,Carla Holland,doctor
835,William Bullock,engineer
836,James Austin,architecturer
837,Ryan Rogers,musician
838,William Hughes,dancer
839,Autumn Cooper,sportsperson
840,Katrina Stevenson,student
841,Heidi King,educator
842,Thomas Mitchell,professor
843,Seth Green,scientist
844,Ann Smith,doctor
845,Brenda Ruiz,engineer
846,Aaron Harrington,architecturer
847,Amy Haley,musician
848,Valerie Byrd,dancer
849,Lori Cohen,sportsperson
850,Julie Edwards,student
851,Randy King,educator
852,Sharon Lewis,professor
853,Kristina Berg,scientist
854,Thomas Johnson,doctor
855,Victor Bennett,engineer
856,Tami Brown,architecturer
857,Joshua Dennis,musician
858,Shirley Anderson,dancer
859,Christina Johnson,sportsperson
860,William Curry,student
861,Christopher Schultz,educator
862,James Roberts,professor
863,Julie Murphy,scientist
864,Michael Lewis,doctor
865,Jennifer Bates,engineer
866,Paul Carter,architecturer
867,Hector Morris,musician
868,Scott Sherman Jr.,dancer
869,Brian Evans,sportsperson
870,Albert Coleman,student
871,Ashley Campbell,educator
872,Nicholas Carney,professor
873,Jose Wilson,scientist
874,Brittany Nicholson,doctor
875,Sonya Gonzales,engineer
876,Daniel Clark,architecturer
877,Joshua Barrett,musician
878,Christopher Gonzales,dancer
879,Martin Fry,sportsperson
880,Jennifer Scott,student
881,Manuel Allen,educator
882,Joseph Phelps,professor
883,Theresa Martin,scientist
884,Robert Richmond,doctor
885,Donald Jones,engineer
886,Kendra Bishop,architecturer
887,Taylor Hamilton,musician
888,Ashley Jones,dancer
889,Veronica Jordan,sportsperson
890,Judy Rodriguez,student
891,Gregory Armstrong,educator
892,Justin Taylor,professor
893,Cheryl Ramos,scientist
894,Joseph Jones,doctor
895,Rhonda Anderson,engineer
896,Jacob Jarvis,architecturer
897,Steven Thomas,musician
898,Mia Baker,dancer
899,Michael Benjamin,sportsperson
900,Christopher Mann,student
901,Jesse Gibson,educator
902,Jessica Ray,professor
903,Richard Alexander,scientist
904,Alexandra Banks,doctor
905,Jeremy Durham,engineer
906,John Moore,architecturer
907,Dustin Mitchell,musician
908,Tony White,dancer
909,Brianna Sullivan,sportsperson
910,Jason Keith,student
911,Renee Johnson,educator
912,Melissa Harper,professor
913,Alexis Wolf,scientist
914,Yvette Wade,doctor
915,Vincent Mclaughlin,engineer
916,Jessica Landry,architecturer
917,Samantha Edwards,musician
918,Summer King,dancer
919,Peter Hall,sportsperson
920,Amber Williams,student
921,Michelle Melton,educator
922,Dominique Hudson,professor
923,Megan Charles,scientist
924,Tasha Santiago,doctor
925,Anna Blake,engineer
926,Erika Brown,architecturer
927,Jenny Mason,musician
928,Kenneth Wilson,dancer
929,Pamela Rogers,sportsperson
930,Lisa King,student
931,Carrie Ballard,educator
932,William Thomas,professor
933,Brooke Clark,scientist
934,Stephanie Farrell,doctor
935,Aaron Johnson,engineer
936,John Jenkins,architecturer
937,Joseph Rivera,musician
938,Lisa Stanley,dancer
939,William Anthony,sportsperson
940,Jennifer Strickland,student
941,Alyssa Griffith,educator
942,Andrew Rios,professor
943,Kenneth Wright,scientist
944,Philip Carter,doctor
945,George Giles,engineer
946,Joseph Smith,architecturer
947,Shannon Patterson,musician
948,Peter Moore,dancer
949,Martha Johnson,sportsperson
950,Barry Adams,student
951,Cristina Smith,educator
952,Joshua Riley,professor
953,Juan Bowen,scientist
954,Aaron Weaver,doctor
955,Justin Powell,engineer
956,Nathan Garcia,architecturer
957,Melissa Walker,musician
958,Stacie Tucker,dancer
959,Melissa Benson,sportsperson
960,Hunter Harrington,student
961,Hannah Parker,educator
962,Richard Andersen,professor
963,David Weaver,scientist
964,Sarah Paul,doctor
965,Michael Graves,engineer
966,Benjamin Gomez,architecturer
967,Bryan Jones,musician
968,Emma Skinner,dancer
969,Erica Morales,sportsperson
970,Joshua Taylor,student
971,Sheila Curry,educator
972,Mrs. Martha Ballard,professor
973,Jennifer Gutierrez,scientist
974,David Harris,doctor
975,Heidi Cervantes,engineer
976,Dean Hayes,architecturer
977,Thomas Jones,musician
978,David Brewer,dancer
979,Jared Myers,sportsperson
980,Matthew Anderson,student
981,Julia Nelson,educator
982,James Pennington,professor
983,Joe Mckinney,scientist
984,Casey Wheeler,doctor
985,Kathy Garcia,engineer
986,Bryan Choi,architecturer
987,John Jennings,musician
988,John Tucker,dancer
989,Anne Brown,sportsperson
990,Kaitlin Simpson,student
991,Lisa Alvarado,educator
992,Bradley Mcguire,professor
993,Jeremiah Bailey,scientist
994,Amber Miranda,doctor
995,Daniel Vaughn,engineer
996,Jessica Williams,architecturer
997,Patricia Jackson,musician
998,Paul Ponce,dancer
999,Kristine Mitchell,sportsperson
1000,Kenneth Williams,student
1001,Brent Delgado,educator
1002,Lori Carter,professor
1003,Brett Perry,scientist
1004,Jessica Guerrero,doctor
1005,Danny Peterson,engineer
1006,Mary Carlson,architecturer
1007,Robyn Walters,musician
1008,Daniel Lindsey,dancer
1009,Alexis Nguyen,sportsperson
1010,Michael Robinson,student
1011,Joseph Lee,educator
1012,Matthew Nelson,professor
1013,Julie Wheeler,scientist
1014,Randy Love,doctor
1015,Theresa Vance,engineer
1016,Diana Cox,architecturer
1017,Melissa Hoffman,musician
1018,Teresa Young,dancer
1019,Elizabeth Myers,sportsperson
1020,Brittany Frazier,student
1021,Rhonda Clarke,educator
1022,Thomas Alexander,professor
1023,Robert Green,scientist
1024,Samuel Ayers,doctor
1025,Natalie Walker,engineer
1026,Crystal Crane,architecturer
1027,Shawn Hurley,musician
1028,Benjamin White,dancer
1029,George Gray,sportsperson
1030,Brianna Spencer,student
1031,Charles Martin,educator
1032,Michael Hamilton,professor
1033,Michael Brown,scientist
1034,Mary Lopez DDS,doctor
1035,Gary Townsend,engineer
1036,Lee Sanchez,architecturer
1037,Jonathan Robertson,musician
1038,Cynthia Hansen,dancer
1039,Sarah Franklin,sportsperson
1040,James Harrison,student
1041,John Matthews,educator
1042,Karen Warren,professor
1043,Christopher Miller,scientist
1044,Deanna Lee,doctor
1045,Carly Rodgers MD,engineer
1046,John Miller,architecturer
1047,Donna Fisher,musician
1048,Joshua Scott,dancer
1049,Vickie Sparks,sportsperson
1050,John Johnson,student
1051,Roberto Schaefer,educator
1052,Scott Suarez,professor
1053,Lisa Turner,scientist
1054,Joshua Wilson,doctor
1055,Laurie Torres,engineer
1056,Kristy Higgins,architecturer
1057,Holly Salas,musician
1058,Sergio Wallace,dancer
1059,Katherine Davis,sportsperson
1060,Monica Houston,student
1061,Jamie Turner,educator
1062,James Morton,professor
1063,Kenneth Weiss,scientist
1064,Jennifer Morris,doctor
1065,Daniel Tran,engineer
1066,Barbara Martinez,architecturer
1067,Tina Schroeder,musician
1068,Lisa Ross,dancer
1069,Paige Anderson,sportsperson
1070,James Owen,student
1071,Samuel Reid,educator
1072,Nicole Gonzales,professor
1073,Susan Meyer,scientist
1074,David Moore,doctor
1075,Joseph Johnson,engineer
1076,Katherine Walker,architecturer
1077,Mike Crawford,musician
1078,Danny Hooper II,dancer
1079,Paula Dixon,sportsperson
1080,Maria Newman,student
1081,Tracey Pearson,educator
1082,Bobby Burns,professor
1083,Phillip Taylor,scientist
1084,Alexander Smith,doctor
1085,Amanda Duncan,engineer
1086,Alexander Knight,architecturer
1087,Stephen Ramsey,musician
1088,Shane Gonzales,dancer
1089,Gary Hudson,sportsperson
1090,Aaron Horne,student
1091,Danielle Christian,educator
1092,Nathan Gregory,professor
1093,Timothy Frye,scientist
1094,Robert Herrera,doctor
1095,Michael Nelson,engineer
1096,Jordan Mcconnell,architecturer
1097,Javier Thompson,musician
1098,Grace Hendricks,dancer
1099,Kevin Hernandez,sportsperson
1100,Sherry Morris,student
1101,Julie Jones,educator
1102,Vincent Rios,professor
1103,Mr. Johnny Harris DDS,scientist
1104,Leslie Payne,doctor
1105,Jonathan Klein,engineer
1106,Laura Carson,architecturer
1107,Joel Christian,musician
1108,Frederick Mckenzie,dancer
1109,Joshua Rios,sportsperson
1110,Robert Erickson,student
1111,George Wood,educator
1112,Alexis Davis,professor
1113,Larry Diaz,scientist
1114,Alicia Pearson,doctor
1115,Toni Nichols,engineer
1116,Mrs. Bridget George,architecturer
1117,Mary Cameron,musician
1118,Sarah Mckee,dancer
1119,Jamie Smith,sportsperson
1120,Sean Ayala,student
1121,Jay Clark,educator
1122,Alejandro Barrett,professor
1123,Justin Poole,scientist
1124,Jacob Hopkins,doctor
1125,Eric Martin,engineer
1126,Luke Davis,architecturer
1127,Jose Park,musician
1128,Natalie Gonzales,dancer
1129,Joseph Ford,sportsperson
1130,Beth Vasquez,student
1131,John Jennings,educator
1132,Jeremy Strickland,professor
1133,Jennifer Wilson,scientist
1134,Kristy Russo,doctor
1135,Justin Lee,engineer
1136,Alicia Marshall,architecturer
1137,Richard Warner,musician
1138,Michael Sawyer,dancer
1139,Shannon Taylor,sportsperson
1140,Katrina Hawkins,student
1141,Michelle Harding,educator
1142,Adam Reyes,professor
1143,James Graham,scientist
1144,John Mitchell,doctor
1145,Caitlin Dunn,engineer
1146,Derek Perry,architecturer
1147,Natasha Johnson,musician
1148,Michael Bryant,dancer
1149,Cassie Richardson,sportsperson
1150,Patrick Hernandez,student
1151,Brenda Greer,educator
1152,Jessica Knapp,professor
1153,Traci Williams,scientist
1154,Gregory Daniels,doctor
1155,Rickey Cortez,engineer
1156,Timothy Harmon,architecturer
1157,David Cooper,musician
1158,Edward Jackson,dancer
1159,Stacy Young,sportsperson
1160,Christopher Peters,student
1161,John Edwards,educator
1162,Robert Terry,professor
1163,Kiara Anderson,scientist
1164,Jennifer Robinson,doctor
1165,Donna Peters,engineer
1166,Sandra Torres,architecturer
1167,Benjamin Santos,musician
1168,Shawn Conner,dancer
1169,Peter Johnson,sportsperson
1170,Lori Nguyen,student
1171,Shannon Thomas,educator
1172,Marcus Drake,professor
1173,Kimberly Day,scientist
1174,Paula Smith,doctor
1175,Kathryn Webb,engineer
1176,Thomas Rodriguez,architecturer
1177,Erin Moreno,musician
1178,Ashley Lopez,dancer
1179,Dr. Teresa Johnson MD,sportsperson
1180,Dean Khan,student
1181,Kenneth Hill,educator
1182,Nancy Jones,professor
1183,Allen Shaw,scientist
1184,Dana Alexander,doctor
1185,Ronald Turner,engineer
1186,Brittany Saunders,architecturer
1187,Allison Nelson,musician
1188,Devon Williams,dancer
1189,Abigail Garrett,sportsperson
1190,Jeremiah Weaver MD,student
1191,Denise Cooper,educator
1192,Kendra Wise,professor
1193,Amanda Graves,scientist
1194,Ian Cantu,doctor
1195,Cody Williams,engineer
1196,John Ellis,architecturer
1197,Juan Bowman,musician
1198,Christina Robinson,dancer
1199,Harold Pena,sportsperson
1200,Jacqueline Pierce,student
1201,Brett Petersen,educator
1202,Drew Lee,professor
1203,Whitney Nguyen,scientist
1204,Michael Murphy,doctor
1205,Kathleen Knox,engineer
1206,Mrs. Kathryn Salazar,architecturer
1207,Andrew Edwards,musician
1208,Ian Jones,dancer
1209,Curtis Huang,sportsperson
1210,Paula Sloan,student
1211,Taylor Bullock,educator
1212,Diane Sexton,professor
1213,Mary Todd,scientist
1214,James Henderson,doctor
1215,William Jackson,engineer
1216,Yolanda Ayers,architecturer
1217,Theresa Hickman,musician
1218,Brenda Moore,dancer
1219,Ricky Richardson,sportsperson
1220,Jacob Guerrero,student
1221,Shannon Solis,educator
1222,Melissa Ewing,professor
1223,Diana Johnson,scientist
1224,Gregory Jackson,doctor
1225,Christopher Hutchinson,engineer
1226,John Mcgee,architecturer
1227,Andrew Nichols,musician
1228,Ashley Gray,dancer
1229,Ryan Hatfield,sportsperson
1230,John Wells,student
1231,Sarah Curry,educator
1232,Tracey Martinez,professor
1233,Megan Lamb,scientist
1234,Mr. Randall Holden,doctor
1235,Christy Pruitt,engineer
1236,Shannon Smith,architecturer
1237,Timothy Lee,musician
1238,James Lin,dancer
1239,Jennifer Black,sportsperson
1240,Michael Gentry,student
1241,Bobby Suarez,educator
1242,Casey Williams,professor
1243,Katrina Contreras,scientist
1244,Stacy Holmes,doctor
1245,Gregory Johnson,engineer
1246,Lori Larsen,architecturer
1247,Jake Welch,musician
1248,Kelli Reed,dancer
1249,John Garcia,sportsperson
1250,Tonya Sutton DDS,student
1251,Corey Matthews,educator
1252,Michael Hicks,professor
1253,Mark Hardy,scientist
1254,Kathryn Alexander,doctor
1255,Russell Phillips,engineer
1256,Bruce Parks,architecturer
1257,Dennis Velasquez,musician
1258,Amber Jones,dancer
1259,Kenneth Burton,sportsperson
1260,Mallory Young,student
1261,Stephen Cox,educator
1262,James Harrison,professor
1263,Katie Contreras,scientist
1264,Tammy Moore,doctor
1265,Dalton Ross,engineer
1266,Susan Taylor,architecturer
1267,James Calderon,musician
1268,Luke Stokes,dancer
1269,Lacey Lewis,sportsperson
1270,Amanda Mitchell,student
1271,Marie Evans,educator
1272,Kathy Salazar,professor
1273,Melissa Greene,scientist
1274,Terry Oliver,doctor
1275,Dr. Ashley Watson MD,engineer
1276,Daniel Flores,architecturer
1277,Hunter Matthews,musician
1278,Tracy Lucas,dancer
1279,Jamie Bruce,sportsperson
1280,Jennifer Ballard MD,student
1281,Jennifer Lane,educator
1282,Rhonda Brooks,professor
1283,Alexis Williams,scientist
1284,Morgan Castillo,doctor
1285,Michael Callahan,engineer
1286,Phillip Doyle,architecturer
1287,Paige Rodriguez,musician
1288,Edward Davis,dancer
1289,Logan Wilson,sportsperson
1290,Regina Gray,student
1291,Kristina Mendez,educator
1292,Dustin Perez,professor
1293,Karen Zavala,scientist
1294,Tammy Higgins,doctor
1295,Michael Fox,engineer
1296,Sean Andrews,architecturer
1297,Samantha Hudson,musician
1298,Karla Wolfe,dancer
1299,Ashley Campbell,sportsperson
1300,Dustin Monroe,student
1301,Jose Cunningham,educator
1302,Dakota Wood,professor
1303,Kristin King,scientist
1304,Hailey Morales,doctor
1305,Lori Alexander,engineer
1306,Joshua Underwood,architecturer
1307,Joshua Martin,musician
1308,Matthew Walker,dancer
1309,Donald Mills,sportsperson
1310,Annette Leach,student
1311,Jeffrey Gutierrez DDS,educator
1312,Jonathan Hill,professor
1313,William Thomas,scientist
1314,Jesse Anderson,doctor
1315,Timothy Fritz,engineer
1316,Nicole Vasquez,architecturer
1317,John Bailey,musician
1318,Crystal Salinas,dancer
1319,Connor Jackson,sportsperson
1320,Christine Horn PhD,student
1321,Kristie Reed,educator
1322,Sherry Clayton,professor
1323,Melissa Nichols,scientist
1324,Casey Guzman,doctor
1325,Keith Washington,engineer
1326,Christopher Meyer,architecturer
1327,Sarah Avila,musician
1328,Sheryl Chan,dancer
1329,Robert Brown,sportsperson
1330,Kathryn Wolf,student
1331,Paul Bennett,educator
1332,Mark Fletcher,professor
1333,Rebecca Holland,scientist
1334,Douglas Atkinson,doctor
1335,Mrs. Stephanie Rogers,engineer
1336,Randall Pierce,architecturer
1337,Hannah Gonzales,musician
1338,Shelley Johnson,dancer
1339,Tracy Nunez,sportsperson
1340,Karen Brown,student
1341,Penny Sloan,educator
1342,Matthew Villarreal,professor
1343,Daisy Arellano,scientist
1344,Margaret Yates,doctor
1345,Erika Lewis,engineer
1346,Brian Rodriguez,architecturer
1347,Christopher Conway,musician
1348,Paula Thompson,dancer
1349,Sheri Molina,sportsperson
1350,Patricia Graves,student
1351,Christine Neal,educator
1352,Susan Thompson,professor
1353,Charles Porter,scientist
1354,Jennifer Oliver,doctor
1355,Rebecca Horton,engineer
1356,Amber Roberts,architecturer
1357,Samantha Gould,musician
1358,Robert Gordon,dancer
1359,Marc Sparks,sportsperson
1360,Jasmin Alvarez,student
1361,Christopher Strickland,educator
1362,Mr. David Hahn,professor
1363,Kendra Wilson,scientist
1364,Jessica Yu,doctor
1365,Michelle Hill,engineer
1366,James Huffman,architecturer
1367,Deborah Schroeder,musician
1368,Patricia Fields,dancer
1369,Stephen Hoffman,sportsperson
1370,Dawn Wade,student
1371,Norman Murray,educator
1372,William Lawson,professor
1373,Mary Johnson,scientist
1374,Christina Morales,doctor
1375,Linda Wilson,engineer
1376,Sharon Carlson,architecturer
1377,Kayla Williams,musician
1378,John Bruce,dancer
1379,Sabrina Webster,sportsperson
1380,Cassandra Rodgers,student
1381,Peter Jackson,educator
1382,Christine Sandoval,professor
1383,Ryan Sanchez,scientist
1384,Craig Perez,doctor
1385,Cheryl Miller,engineer
1386,Leslie Welch,architecturer
1387,Alexis Johnston,musician
1388,Derek Key,dancer
1389,Candice Rodriguez,sportsperson
1390,Mr. Damon Reyes,student
1391,Gary Adams,educator
1392,Rebecca Williams,professor
1393,Jonathan Marks,scientist
1394,Thomas Prince,doctor
1395,Laura Love,engineer
1396,Brian Gomez,architecturer
1397,Lisa Owen,musician
1398,Diana Garcia,dancer
1399,Gerald Kim,sportsperson
1400,Sean Jones,student
1401,Angela Miller,educator
1402,Joseph Price,professor
1403,Marvin Newman,scientist
1404,Angela Taylor,doctor
1405,Jamie Lamb,engineer
1406,Jacob Tyler MD,architecturer
1407,Maria Moore,musician
1408,Monica Shields,dancer
1409,Alexis Dorsey,sportsperson
1410,Megan Salazar,student
1411,Mary Ramirez,educator
1412,Bradley Walls,professor
1413,Angela Todd,scientist
1414,Louis Jones,doctor
1415,Samantha Washington,engineer
1416,Mr. Andrew Harris,architecturer
1417,Jesse Cantrell,musician
1418,Cody Gonzales,dancer
1419,John Roach,sportsperson
1420,Andrea Miller,student
1421,Cynthia Steele,educator
1422,David Mcdonald,professor
1423,Olivia Arias MD,scientist
1424,Laura Higgins,doctor
1425,Sergio Wilson,engineer
1426,Jeremy Mccann,architecturer
1427,Amy Palmer,musician
1428,Scott Grant,dancer
1429,Joseph Schwartz,sportsperson
1430,Samantha Smith,student
1431,Jennifer Barker,educator
1432,Daniel Briggs,professor
1433,John Herring,scientist
1434,Kristen Francis,doctor
1435,Karen Figueroa,engineer
1436,Larry Reed,architecturer
1437,Olivia Lopez,musician
1438,James Adams,dancer
1439,Madeline Ramirez,sportsperson
1440,Ashley Christensen,student
1441,Cynthia Ochoa,educator
1442,Evelyn Bryan,professor
1443,Michael Silva,scientist
1444,Robert Harding,doctor
1445,Ryan Elliott,engineer
1446,Stephanie Hawkins,architecturer
1447,David Lee,musician
1448,Elizabeth Hamilton,dancer
1449,Rachel Smith,sportsperson
1450,Ann Alvarado,student
1451,Joseph Butler,educator
1452,Larry Winters,professor
1453,Jessica Owens,scientist
1454,Patrick Walters,doctor
1455,Paul Robinson,engineer
1456,Donald Martin,architecturer
1457,Thomas Williams,musician
1458,Michael Smith,dancer
1459,Ryan Hernandez,sportsperson
1460,Robert Ford,student
1461,Stacy Benton,educator
1462,Gregory Mayer,professor
1463,Yolanda Hayes,scientist
1464,Monica Clark,doctor
1465,Tracy Williams,engineer
1466,Ashley Rodriguez,architecturer
1467,Michael Garcia,musician
1468,Joseph Ortega,dancer
1469,Scott Watkins,sportsperson
1470,Stacey Fox,student
1471,Evelyn Johnson,educator
1472,Abigail Anderson,professor
1473,James Rivera DVM,scientist
1474,Stacy Flores,doctor
1475,Jessica Howard,engineer
1476,Robert Shea,architecturer
1477,Donna Velazquez MD,musician
1478,Brittany Ross,dancer
1479,Gregory Johnson,sportsperson
1480,Kathleen Shepard,student
1481,Cory Jackson,educator
1482,Denise Franco,professor
1483,Walter Perez,scientist
1484,Lawrence Carter,doctor
1485,Denise Perez,engineer
1486,April Perez,architecturer
1487,Steven Mendoza,musician
1488,Brian York,dancer
1489,Abigail Johnson,sportsperson
1490,Meagan Graves,student
1491,Rachel Henderson,educator
1492,Rhonda Kelley,professor
1493,Jessica Powers,scientist
1494,Tracy Guerra,doctor
1495,Hunter Owens,engineer
1496,Sarah Lawson,architecturer
1497,Nancy Luna,musician
1498,John Holmes,dancer
1499,Ryan Wilkins,sportsperson
1500,Andrea Cole,student
1501,Ronnie Barrett,educator
1502,Rebecca Chambers,professor
1503,Monique Daniels,scientist
1504,Jennifer Hudson,doctor
1505,Charles Evans,engineer
1506,Kyle Gordon,architecturer
1507,Joseph Clark,musician
1508,Shannon Campbell,dancer
1509,Christine Olsen,sportsperson
1510,Amber Morales,student
1511,Kim Mann,educator
1512,Fernando Mosley,professor
1513,Marissa Drake,scientist
1514,Emily Stewart,doctor
1515,Brian Mcneil,engineer
1516,Christine Brown,architecturer
1517,Julie Green,musician
1518,Jodi Wheeler MD,dancer
1519,David Lopez,sportsperson
1520,Karen Small,student
1521,Shelly Valentine,educator
1522,Erin Stewart,professor
1523,Joshua Jones,scientist
1524,Dustin Chavez,doctor
1525,Brandon Green,engineer
1526,David Guzman,architecturer
1527,Thomas Eaton,musician
1528,Maria Freeman,dancer
1529,Franklin Jackson,sportsperson
1530,Ryan Brown,student
1531,Dylan Malone,educator
1532,Lawrence Jenkins,professor
1533,Thomas Howard,scientist
1534,Greg Fitzgerald,doctor
1535,David Richardson,engineer
1536,Marcus Austin DDS,architecturer
1537,Kristina Campbell,musician
1538,Jacob Parker,dancer
1539,Austin Charles,sportsperson
1540,Michael Sandoval,student
1541,Adrian Hutchinson,educator
1542,Elizabeth Walker,professor
1543,Jeffrey Vasquez,scientist
1544,Brandi Diaz,doctor
1545,Amanda Castillo,engineer
1546,Jessica Kramer,architecturer
1547,Jillian Gonzalez,musician
1548,Matthew Hogan,dancer
1549,Dr. Larry Gonzales,sportsperson
1550,Shawna White,student
1551,Tyler Morris,educator
1552,Kaitlyn Moore,professor
1553,Dr. Steven Rice,scientist
1554,Cheryl Mitchell,doctor
1555,Brian Bolton,engineer
1556,Jason Brown,architecturer
1557,Ernest Knapp,musician
1558,Jonathan Allen,dancer
1559,Stacy Burnett,sportsperson
1560,Nicole Scott,student
1561,Timothy Sanders,educator
1562,Jennifer Olson,professor
1563,Danielle Torres,scientist
1564,Derrick Case,doctor
1565,Dana Carpenter,engineer
1566,Vanessa Rubio,architecturer
1567,Alison Jackson,musician
1568,Craig Parker,dancer
1569,Adam Cruz,sportsperson
1570,Mitchell Bennett,student
1571,Brandon Johnson,educator
1572,Gary Mitchell,professor
1573,Alexandra Craig,scientist
1574,Gregory Chapman,doctor
1575,Katrina Hill,engineer
1576,Stephanie Anderson,architecturer
1577,Patrick Wall,musician
1578,Tiffany Nguyen,dancer
1579,Daniel Haney,sportsperson
1580,Beverly Smith,student
1581,David Marshall,educator
1582,Diana Stewart,professor
1583,Jennifer Hernandez,scientist
1584,Michelle Bird,doctor
1585,Henry Sanchez,engineer
1586,Carla Mckenzie,architecturer
1587,Ronald Roberts,musician
1588,James Gardner,dancer
1589,Julie Thompson,sportsperson
1590,Mike Griffin,student
1591,Kristen Ortiz,educator
1592,Jacob Baker,professor
1593,Tom Johnson,scientist
1594,Jose Mclean,doctor
1595,David Carlson,engineer
1596,Laura Juarez,architecturer
1597,Todd Flores,musician
1598,Amber Bradley,dancer
1599,Robert Howe,sportsperson
1600,Lisa Carpenter,student
1601,Lisa Preston,educator
1602,Richard Wood,professor
1603,Hunter Brewer,scientist
1604,Isabella Cooke,doctor
1605,Sarah Sparks,engineer
1606,Holly Ray,architecturer
1607,Christina Herrera,musician
1608,Morgan Stewart,dancer
1609,Yolanda Jones,sportsperson
1610,April Anderson,student
1611,Rachel Williams,educator
1612,Rhonda Mcdowell,professor
1613,Michelle Martin,scientist
1614,Tyler Allen,doctor
1615,Bridget Frank,engineer
1616,Maureen Cortez,architecturer
1617,Alicia Carney,musician
1618,Leonard Cochran,dancer
1619,Jamie Williams,sportsperson
1620,Emma Roth,student
1621,Carlos King,educator
1622,Barbara Thomas,professor
1623,Grace Dorsey,scientist
1624,Brianna Rose,doctor
1625,Laura Silva,engineer
1626,Lauren Fisher DDS,architecturer
1627,Amanda Rodriguez,musician
1628,David Mills,dancer
1629,Jason Bryan,sportsperson
1630,Angel Jones,student
1631,Sara Martin,educator
1632,Dawn Brown,professor
1633,Jared Black,scientist
1634,Alexander Morgan,doctor
1635,Jacob Brown,engineer
1636,Charles Young,architecturer
1637,Denise Johnson,musician
1638,Jillian Nunez,dancer
1639,Willie Sanchez,sportsperson
1640,Tracey Evans,student
1641,Megan Gray,educator
1642,Christopher Lawson,professor
1643,Zoe Cole,scientist
1644,Mary Smith,doctor
1645,Jonathan Medina,engineer
1646,Emma Roberts,architecturer
1647,Matthew Rodriguez,musician
1648,Timothy Lopez,dancer
1649,Jessica Robinson,sportsperson
1650,Karen Li MD,student
1651,Holly Flynn,educator
1652,William Brooks,professor
1653,Kevin Richardson Jr.,scientist
1654,William Davis,doctor
1655,Jennifer Lawson,engineer
1656,Jennifer Pierce,architecturer
1657,Bruce Trujillo,musician
1658,Matthew Farmer,dancer
1659,Amber Hamilton,sportsperson
1660,James Soto,student
1661,Jessica Shields,educator
1662,Ronald Gray,professor
1663,Angela Foster,scientist
1664,Jessica Mckee,doctor
1665,Lisa Cox,engineer
1666,Lisa Fisher,architecturer
1667,Jeanette Rowe,musician
1668,Andrea Hayden,dancer
1669,Bill Silva,sportsperson
1670,Ian Morgan,student
1671,Andrew Hudson,educator
1672,Joshua Pham,professor
1673,Kendra Murray,scientist
1674,Linda Harris,doctor
1675,Mark Nichols,engineer
1676,Laura Hall,architecturer
1677,Daniel Mejia,musician
1678,Ricardo Lewis,dancer
1679,Andrew Jones,sportsperson
1680,Virginia Wagner,student
1681,Todd Wilson,educator
1682,Jesus Robinson,professor
1683,Christopher James,scientist
1684,Alan Taylor,doctor
1685,Rebecca Parker,engineer
1686,Robert Jenkins,architecturer
1687,Dylan Rodriguez,musician
1688,Mark Cummings,dancer
1689,Amanda Jones,sportsperson
1690,Brittney Clark,student
1691,Christina Smith,educator
1692,Cindy Palmer,professor
1693,Christopher Gates,scientist
1694,Robert Pierce,doctor
1695,Jennifer Davis,engineer
1696,Jennifer Irwin,architecturer
1697,Michael Johns,musician
1698,Shannon Gardner,dancer
1699,Daniel Gross,sportsperson
1700,David Woods,student
1701,Tammie Castillo,educator
1702,Melissa Smith,professor
1703,Anthony Flores,scientist
1704,Dana Andrews,doctor
1705,Susan Powell,engineer
1706,John Aguirre,architecturer
1707,Christopher Lane,musician
1708,Victoria Kim,dancer
1709,Thomas Wright,sportsperson
1710,Emily Smith,student
1711,Amanda Williams,educator
1712,Scott Black,professor
1713,Brian James,scientist
1714,Andrew Huynh,doctor
1715,Tyler Robinson,engineer
1716,Ryan Ruiz,architecturer
1717,Carol Dixon,musician
1718,Manuel Johnson,dancer
1719,Scott Lee,sportsperson
1720,Carla Glenn,student
1721,Shirley Ryan,educator
1722,Lisa Black,professor
1723,Scott Cole,scientist
1724,Kenneth Murphy,doctor
1725,Joseph Sharp,engineer
1726,Gregory Parrish,architecturer
1727,Corey Campos,musician
1728,Joel Carlson,dancer
1729,Mr. John Mcdonald,sportsperson
1730,Katrina Franco,student
1731,Bradley Sellers,educator
1732,Courtney Combs,professor
1733,Derek Welch,scientist
1734,Michael Gordon,doctor
1735,Scott Sanchez,engineer
1736,Alyssa Frazier,architecturer
1737,Tanya Sanders,musician
1738,Melanie Johnson,dancer
1739,Christopher Lee,sportsperson
1740,Shannon Singh,student
1741,Rachel Barnes,educator
1742,Christina Johnson,professor
1743,Tina Barnes,scientist
1744,Jonathan Haley,doctor
1745,Megan Larson,engineer
1746,Christopher Hill,architecturer
1747,William Brown,musician
1748,Robert Goodwin,dancer
1749,Eduardo Weber,sportsperson
1750,Christopher Hughes,student
1751,Cheryl Reed,educator
1752,Kimberly Anderson,professor
1753,Lawrence Miller,scientist
1754,Zachary Ferguson,doctor
1755,Rhonda Morgan,engineer
1756,Craig Pace,architecturer
1757,Pamela Hamilton,musician
1758,Joshua Clements,dancer
1759,Daisy Harrington,sportsperson
1760,Mr. Thomas Hughes,student
1761,Stephanie Richards,educator
1762,David Johnson,professor
1763,Alexandra Myers,scientist
1764,James Armstrong,doctor
1765,Margaret Ryan,engineer
1766,Kaitlyn West,architecturer
1767,Michael Vasquez,musician
1768,Elizabeth Jackson,dancer
1769,Bridget Randall,sportsperson
1770,David Nolan,student
1771,Lisa Powers,educator
1772,Patricia Smith,professor
1773,Michael Johnson,scientist
1774,Terry Smith,doctor
1775,Sara Russell,engineer
1776,Jessica Cohen,architecturer
1777,Jordan Harrison,musician
1778,Christopher Wallace,dancer
1779,Tami Olson,sportsperson
1780,April Johnson,student
1781,Bradley Washington,educator
1782,Christopher Obrien,professor
1783,Christopher Brown,scientist
1784,Lori Bauer,doctor
1785,Brandon Davidson,engineer
1786,Mr. Darin Kelly DDS,architecturer
1787,Brett Moody,musician
1788,Chelsea Torres,dancer
1789,Christopher Carr,sportsperson
1790,Kelly Orozco,student
1791,Louis Hicks,educator
1792,James Vasquez,professor
1793,Roberto Hamilton,scientist
1794,Christopher Taylor,doctor
1795,Patricia Malone,engineer
1796,Daniel Mitchell,architecturer
1797,Timothy Welch,musician
1798,Hannah Finley,dancer
1799,Joseph Bradley,sportsperson
1800,Mark Wright,student
1801,Daniel Barajas,educator
1802,Christopher Ellis,professor
1803,Cassandra Brown,scientist
1804,Anna Wagner,doctor
1805,Matthew Peters,engineer
1806,Karen Pierce,architecturer
1807,Carly Kramer,musician
1808,Catherine Calhoun,dancer
1809,Mrs. Janet Harper,sportsperson
1810,Steven Francis,student
1811,Katherine Lucas,educator
1812,George Dunn,professor
1813,Sharon Holder,scientist
1814,Jonathan Beasley,doctor
1815,Jason Nichols,engineer
1816,Matthew Dillon,architecturer
1817,Geoffrey Lee,musician
1818,Kevin Mayer,dancer
1819,Rodney Lee,sportsperson
1820,Mr. James Butler,student
1821,Jordan Bullock,educator
1822,Andrea Armstrong,professor
1823,Cody Palmer,scientist
1824,Mark Williams,doctor
1825,Craig Torres,engineer
1826,Mark Douglas,architecturer
1827,Olivia Montgomery,musician
1828,Teresa Clark,dancer
1829,Brenda Butler,sportsperson
1830,Mrs. Michelle Gregory,student
1831,Roger Vasquez,educator
1832,Bruce Doyle,professor
1833,Joseph Stuart,scientist
1834,Timothy Mercado,doctor
1835,Cheyenne Pham,engineer
1836,Bryan Ramirez,architecturer
1837,Lindsay Robinson,musician
1838,Dr. Jennifer Baker,dancer
1839,Alexander Johnson,sportsperson
1840,Caitlin Munoz,student
1841,Steven Page,educator
1842,Samantha Barron,professor
1843,Kara Johnson,scientist
1844,Heather Walker,doctor
1845,Paula Clark,engineer
1846,Gary Douglas,architecturer
1847,Erica Johnson,musician
1848,Allison Jackson,dancer
1849,Molly Dunn,sportsperson
1850,Douglas Rodriguez,student
1851,John Moore,educator
1852,Kathleen Fisher,professor
1853,Jamie Fernandez,scientist
1854,Shirley Mcneil,doctor
1855,Andrew Harris,engineer
1856,Charles Walker,architecturer
1857,Robert Mitchell,musician
1858,Crystal Sherman,dancer
1859,Sarah Russell,sportsperson
1860,Michelle Kim,student
1861,Mark Mccann,educator
1862,Roy Miles,professor
1863,Justin Stone,scientist
1864,Alexander Stevenson,doctor
1865,Micheal Davis,engineer
1866,Diane Gregory,architecturer
1867,Kelly Cummings,musician
1868,Joel Pratt,dancer
1869,Christopher Jones,sportsperson
1870,Warren Garcia,student
1871,Samantha Garner,educator
1872,Christopher Blackburn,professor
1873,Carlos Ortiz,scientist
1874,Brian Guzman,doctor
1875,Brett Hatfield,engineer
1876,Vanessa Yang,architecturer
1877,Eric Serrano,musician
1878,Caleb Hahn,dancer
1879,Nathan Ingram,sportsperson
1880,Laura Hart,student
1881,Krista Jackson,educator
1882,Albert Stout,professor
1883,Sarah Allen,scientist
1884,Gary Williams,doctor
1885,Danielle Smith,engineer
1886,Leon King,architecturer
1887,Shelby Myers,musician
1888,Justin Wood,dancer
1889,Jack Moss,sportsperson
1890,Jennifer Livingston,student
1891,Jeff Warner,educator
1892,Miss Kayla Morrow,professor
1893,Cameron Kennedy,scientist
1894,Deborah Knox,doctor
1895,Joanna Sanchez,engineer
1896,Desiree Baldwin,architecturer
1897,Steven Smith,musician
1898,Jeremy James,dancer
1899,Jacqueline Ortega,sportsperson
1900,Sherri Vazquez,student
1901,David Reyes,educator
1902,Steven Fletcher,professor
1903,Kaitlyn Brooks,scientist
1904,Dana Reyes,doctor
1905,Garrett Ramos,engineer
1906,Edward Smith,architecturer
1907,Stephen Carter,musician
1908,Claire Green,dancer
1909,Alexander Jones,sportsperson
1910,Lindsey Liu,student
1911,George Anderson,educator
1912,Lisa Munoz,professor
1913,Eric Vazquez,scientist
1914,John Frazier,doctor
1915,James Combs,engineer
1916,Taylor Rodriguez,architecturer
1917,Tanya Espinoza,musician
1918,Kendra Perez,dancer
1919,Jeremy Martin,sportsperson
1920,Eric Richmond,student
1921,Susan Rojas,educator
1922,Jennifer Morales,professor
1923,Christine Crawford,scientist
1924,Elizabeth Schmidt,doctor
1925,Stephen Walker,engineer
1926,William Owen,architecturer
1927,Derek Reed,musician
1928,Margaret Matthews,dancer
1929,Kristin Santana,sportsperson
1930,Matthew Reynolds,student
1931,Emily Bradley MD,educator
1932,Anthony Garcia,professor
1933,Cassandra Davis,scientist
1934,Keith Taylor,doctor
1935,Judy Rose,engineer
1936,Aaron Ferguson,architecturer
1937,Frank Hall,musician
1938,Kim Miller,dancer
1939,Monica Salazar,sportsperson
1940,Ryan Mckinney,student
1941,Carrie Larson,educator
1942,Alicia Blevins,professor
1943,Lindsay Ayala,scientist
1944,George Wang,doctor
1945,Lori Salazar,engineer
1946,Anna Anderson,architecturer
1947,Elizabeth Leon,musician
1948,Susan Park,dancer
1949,Jonathan Mann,sportsperson
1950,Alyssa Brock,student
1951,Kelsey Collins,educator
1952,Kathryn Rose,professor
1953,April Barnes,scientist
1954,John Vazquez,doctor
1955,Heather Padilla,engineer
1956,Lucas Navarro,architecturer
1957,Shane Rojas,musician
1958,Manuel Miller,dancer
1959,Eric Stevenson,sportsperson
1960,Vincent Carter,student
1961,Richard Jackson,educator
1962,Devin Espinoza,professor
1963,Casey Lam,scientist
1964,Michelle Montoya,doctor
1965,Omar Brooks,engineer
1966,Sarah Campbell,architecturer
1967,Jessica Mitchell,musician
1968,Taylor Willis,dancer
1969,Alan Barker,sportsperson
1970,Sarah Scott,student
1971,Desiree Bailey,educator
1972,Katie Chan,professor
1973,Angela Coleman,scientist
1974,Mark Garrison,doctor
1975,Michael Thompson,engineer
1976,Diana Gallagher,architecturer
1977,Jessica Walsh,musician
1978,Jeanne Morris,dancer
1979,Danny Buck,sportsperson
1980,Adam Harmon,student
1981,Holly Williams,educator
1982,David Mcconnell,professor
1983,Clinton Maxwell,scientist
1984,Jason Jensen,doctor
1985,Thomas Butler,engineer
1986,Jennifer Randolph,architecturer
1987,Kathryn Dixon,musician
1988,Elijah Smith,dancer
1989,Jessica Anderson,sportsperson
1990,Dr. Ashley Jones,student
1991,John Cohen,educator
1992,Christy Houston,professor
1993,Joel Stephens,scientist
1994,Michaela Marks,doctor
1995,Laura Brock,engineer
1996,James Herrera,architecturer
1997,Charlotte Rogers,musician
1998,Crystal Gray,dancer
1999,Sabrina Nguyen,sportsperson